Transaction_ID,Date,Customer_ID,Gender,Age,Product_Category,Quantity,Price_per_Unit,Total_Amount,Payment_Method,Store_Location,Customer_Rating,Promotion_Applied
TXN00174,2024-06-22,CUST0044,Male,68,Sports,1,470.93,470.93,Credit Card,Los Angeles,1.0,No
TXN00275,2024-10-01,CUST0099,Female,31,Home & Garden,7,127.01,889.07,Credit Card,Los Angeles,5.0,Yes
TXN00491,2024-05-05,CUST0001,Male,51,Home & Garden,1,111.43,111.43,Cash,New York,4.0,No
TXN00073,2024-03-13,CUST0132,Female,56,Clothing,1,369.07,369.07,Cash,Chicago,5.0,No
TXN00306,2024-11-01,CUST0104,Female,24,Electronics,4,454.01,1816.04,Cash,Phoenix,3.0,No
TXN00077,2024-03-17,CUST0106,Female,20,Home & Garden,5,155.8,779.0,Cash,Phoenix,5.0,No
TXN00477,2024-04-21,CUST0019,M,39,Beauty,8,320.71,2565.68,Credit Card,Chicago,5.0,Yes
TXN00141,2024-05-20,CUST0103,M,55,Electronics,5,394.6,1973.0,Credit Card,Phoenix,5.0,Yes
TXN00471,2024-04-15,CUST0106,M,71,Clothing,8,248.96,1991.68,Debit Card,Los Angeles,2.0,No
TXN00500,2024-05-14,CUST0016,Male,18,Home & Garden,8,290.3,2322.4,Credit Card,New York,1.0,Yes
TXN00219,2024-08-06,CUST0002,Male,51,Electronics,3,482.06,1446.18,Cash,Houston,5.0,No
TXN00010,2024-01-10,CUST0122,Male,72,Home & Garden,5,384.54,1922.7,Debit Card,New York,2.0,No
TXN00481,2024-04-25,CUST0090,Male,53,Home & Garden,8,241.52,1932.16,Debit Card,Chicago,3.0,No
TXN00079,2024-03-19,CUST0054,Female,68,Beauty,2,347.55,695.1,Credit Card,Houston,4.0,No
TXN00323,2024-11-18,CUST0033,Female,45,Sports,5,492.21,2461.05,Credit Card,Chicago,5.0,No
TXN00313,2024-11-08,CUST0128,Male,41,Home & Garden,5,330.6,1653.0,Credit Card,Phoenix,5.0,No
TXN00125,2024-05-04,CUST0033,Male,62,Sports,5,298.22,1491.1,Cash,Chicago,5.0,No
TXN00385,2024-01-20,CUST0025,M,27,Electronics,3,436.89,1310.67,Cash,Phoenix,4.0,Yes
TXN00196,2024-07-14,CUST0051,Male,57,Sports,9,43.79,394.11,Debit Card,Houston,5.0,Yes
TXN00448,2024-03-23,CUST0054,Male,43,Beauty,4,66.32,265.28,Debit Card,New York,2.0,Yes
TXN00272,2024-09-28,CUST0151,Male,36,Clothing,6,440.14,2640.84,Credit Card,Los Angeles,4.0,Yes
TXN00279,2024-10-05,CUST0112,Male,19,Home & Garden,3,23.31,69.92999999999999,Debit Card,Houston,4.0,No
TXN00031,2024-01-31,CUST0089,M,25,Electronics,1,295.39,295.39,Credit Card,Chicago,4.0,Yes
TXN00362,2024-12-27,CUST0017,M,37,Clothing,1,422.31,422.31,Credit Card,New York,5.0,Yes
TXN00421,2024-02-25,CUST0065,Female,55,Clothing,6,57.3,343.79999999999995,Credit Card,Phoenix,4.0,No
TXN00445,2024-03-20,CUST0170,M,27,Home & Garden,3,41.18,123.54,Credit Card,Los Angeles,4.0,No
TXN00080,2024-03-20,CUST0191,Male,25,Clothing,1,437.93,437.93,Credit Card,Houston,2.0,Yes
TXN00319,2024-11-14,CUST0189,Female,54,Electronics,7,403.77,2826.39,Credit Card,Chicago,4.0,No
TXN00211,2024-07-29,CUST0131,M,42,Home & Garden,2,454.15,908.3,Cash,Los Angeles,4.0,Yes
TXN00497,2024-05-11,CUST0089,Female,26,Home & Garden,5,62.93,314.65,Debit Card,Los Angeles,4.0,No
TXN00173,2024-06-21,CUST0108,M,71,Home & Garden,2,156.38,312.76,Credit Card,Houston,4.0,No
TXN00454,2024-03-29,CUST0108,M,60,Sports,2,290.17,580.34,Cash,Phoenix,1.0,Yes
TXN00375,2024-01-10,CUST0095,Male,26,Electronics,5,146.85,734.25,Cash,Los Angeles,5.0,No
TXN00359,2024-12-24,CUST0035,Male,18,Sports,2,329.06,658.12,Cash,Houston,2.0,No
TXN00495,2024-05-09,CUST0118,Female,70,Sports,8,117.34,938.72,Credit Card,Chicago,1.0,Yes
TXN00154,2024-06-02,CUST0151,Female,42,Beauty,5,467.23,2336.15,Debit Card,New York,2.0,No
TXN00003,2024-01-03,CUST0093,Male,26,Beauty,6,181.35,1088.1,Credit Card,Phoenix,4.0,No
TXN00336,2024-12-01,CUST0187,Male,21,Beauty,6,368.43,2210.58,Credit Card,Chicago,4.0,No
TXN00209,2024-07-27,CUST0039,Male,52,Electronics,7,26.47,185.29,Debit Card,Phoenix,1.0,No
TXN00074,2024-03-14,CUST0002,M,68,Electronics,7,275.7,1929.9,Cash,Phoenix,4.0,No
TXN00496,2024-05-10,CUST0048,Male,26,Electronics,1,27.99,27.99,Cash,Houston,2.0,No
TXN00452,2024-03-27,CUST0053,Male,19,Home & Garden,2,416.35,832.7,Credit Card,Houston,3.0,No
TXN00205,2024-07-23,CUST0062,Male,74,Clothing,2,230.37,460.74,Debit Card,Phoenix,4.0,No
TXN00069,2024-03-09,CUST0081,Male,70,Home & Garden,7,410.71,2874.97,Credit Card,New York,5.0,No
TXN00091,2024-03-31,CUST0040,Male,53,Sports,4,402.03,1608.12,Credit Card,New York,3.0,No
TXN00300,2024-10-26,CUST0116,Male,50,Home & Garden,4,271.18,1084.72,Cash,Houston,4.0,Yes
TXN00034,2024-02-03,CUST0170,Male,54,Home & Garden,8,331.67,2653.36,Credit Card,Phoenix,4.0,No
TXN00071,2024-03-11,CUST0050,Female,57,Electronics,2,257.87,515.74,Credit Card,New York,5.0,No
TXN00470,2024-04-14,CUST0124,Female,52,Sports,2,198.41,396.82,Cash,Houston,3.0,No
TXN00001,2024-01-01,CUST0103,Male,18,Electronics,2,183.09,366.18,Cash,Houston,2.0,No
TXN00012,2024-01-12,CUST0088,Male,47,Beauty,1,20.26,162.08,Credit Card,Houston,4.0,No
TXN00282,2024-10-08,CUST0002,Male,66,Sports,4,455.52,1822.08,Cash,Phoenix,4.0,No
TXN00023,2024-01-23,CUST0038,Female,51,Clothing,1,325.51,325.51,Cash,Phoenix,5.0,No
TXN00102,2024-04-11,CUST0045,Male,19,Electronics,1,27.3,27.3,Credit Card,Phoenix,5.0,No
TXN00269,2024-09-25,CUST0011,Male,47,Electronics,3,380.81,1142.43,Credit Card,Houston,4.0,No
TXN00485,2024-04-29,CUST0127,Male,52,Sports,7,486.05,3402.35,Credit Card,Phoenix,4.0,No
TXN00442,2024-03-17,CUST0086,Male,74,Electronics,5,497.76,2488.8,Credit Card,Los Angeles,5.0,No
TXN00291,2024-10-17,CUST0147,M,72,Sports,1,109.85,109.85,Cash,Phoenix,4.0,No
TXN00085,2024-03-25,CUST0014,Male,46,Clothing,1,14.57,14.57,Cash,Houston,4.0,No
TXN00246,2024-09-02,CUST0124,Male,58,Electronics,6,356.84,2141.04,Credit Card,Los Angeles,4.0,Yes
TXN00064,2024-03-04,CUST0199,M,50,Sports,6,469.32,2815.92,Cash,New York,5.0,Yes
TXN00056,2024-02-25,CUST0009,Female,68,Clothing,2,235.66,471.32,Cash,Los Angeles,4.0,No
TXN00230,2024-08-17,CUST0198,Male,23,Beauty,9,287.01,2583.09,Debit Card,Los Angeles,5.0,No
TXN00019,2024-01-19,CUST0053,Male,70,Beauty,1,110.79,110.79,Credit Card,Los Angeles,5.0,No
TXN00411,2024-02-15,CUST0050,Female,51,Home & Garden,4,18.82,75.28,Credit Card,New York,4.0,Yes
TXN00210,2024-07-28,CUST0130,Male,69,Beauty,9,40.7,366.3,Cash,Chicago,4.0,Yes
TXN00395,2024-01-30,CUST0086,Male,31,Clothing,7,235.58,1649.0600000000002,Debit Card,Los Angeles,5.0,Yes
TXN00083,2024-03-23,CUST0162,Male,32,Sports,2,88.44,176.88,Credit Card,New York,4.0,No
TXN00040,2024-02-09,CUST0190,M,47,Clothing,5,221.72,1108.6,Cash,New York,2.0,No
TXN00456,2024-03-31,CUST0103,M,47,Sports,3,220.91,662.73,Cash,Los Angeles,3.0,No
TXN00047,2024-02-16,CUST0135,Male,59,Beauty,5,444.59,2222.95,Debit Card,Phoenix,4.0,No
TXN00413,2024-02-17,CUST0152,M,54,Beauty,4,366.07,1464.28,Cash,Houston,2.0,No
TXN00315,2024-11-10,CUST0082,Male,25,Electronics,4,225.76,903.04,Debit Card,New York,4.0,No
TXN00355,2024-12-20,CUST0061,Male,53,Sports,2,79.57,159.14,Debit Card,Phoenix,2.0,Yes
TXN00078,2024-03-18,CUST0004,Male,24,Clothing,6,286.86,1721.16,Credit Card,Phoenix,4.0,No
TXN00398,2024-02-02,CUST0127,Male,19,Home & Garden,3,196.4,589.2,Debit Card,Houston,4.0,No
TXN00105,2024-04-14,CUST0071,Male,27,Clothing,9,479.46,4315.139999999999,Debit Card,Phoenix,5.0,No
TXN00204,2024-07-22,CUST0113,Male,69,Beauty,4,382.11,1528.44,Credit Card,Los Angeles,4.0,No
TXN00381,2024-01-16,CUST0161,Female,39,Home & Garden,2,26.26,52.52,Credit Card,New York,2.0,Yes
TXN00489,2024-05-03,CUST0058,M,62,Home & Garden,9,309.28,2783.5199999999995,Cash,Los Angeles,3.0,No
TXN00070,2024-03-10,CUST0164,Female,57,Sports,8,114.62,916.96,Debit Card,Los Angeles,5.0,No
TXN00408,2024-02-12,CUST0170,M,43,Home & Garden,1,456.28,456.28,Cash,Los Angeles,2.0,No
TXN00256,2024-09-12,CUST0195,Female,49,Home & Garden,1,211.77,211.77,Credit Card,New York,4.0,No
TXN00392,2024-01-27,CUST0114,Male,67,Clothing,2,284.62,569.24,Credit Card,Houston,4.0,No
TXN00312,2024-11-07,CUST0146,Male,20,Beauty,1,448.05,448.05,Credit Card,Houston,4.0,No
TXN00235,2024-08-22,CUST0123,Male,46,Clothing,5,65.91,329.54999999999995,Cash,Phoenix,1.0,No
TXN00474,2024-04-18,CUST0145,Male,64,Clothing,2,304.32,608.64,Credit Card,Chicago,4.0,Yes
TXN00324,2024-11-19,CUST0142,Female,64,Beauty,2,337.28,674.56,Cash,Los Angeles,5.0,Yes
TXN00094,2024-04-03,CUST0053,M,74,Electronics,3,369.2,1107.6,Cash,Houston,1.0,Yes
TXN00138,2024-05-17,CUST0001,Female,28,Clothing,2,47.76,95.52,Credit Card,Houston,4.0,No
TXN00177,2024-06-25,CUST0190,Female,57,Electronics,7,437.64,3063.48,Debit Card,Chicago,4.0,No
TXN00337,2024-12-02,CUST0115,Male,69,Clothing,6,101.83,610.98,Cash,Houston,5.0,No
TXN00132,2024-05-11,CUST0104,Male,53,Sports,1,305.71,305.71,Debit Card,Phoenix,4.0,Yes
TXN00365,2024-12-30,CUST0046,Male,19,Sports,6,320.73,1924.38,Cash,Houston,4.0,No
TXN00133,2024-05-12,CUST0035,Male,43,Sports,1,341.47,341.47,Debit Card,New York,1.0,No
TXN00332,2024-11-27,CUST0145,Male,73,Electronics,2,268.43,536.86,Credit Card,Phoenix,4.0,Yes
TXN00412,2024-02-16,CUST0153,Female,40,Beauty,4,481.78,1927.12,Debit Card,New York,5.0,Yes
TXN00156,2024-06-04,CUST0171,Female,64,Beauty,7,216.41,1514.87,Debit Card,New York,4.0,No
TXN00350,2024-12-15,CUST0097,Male,40,Home & Garden,5,95.14,475.7,Cash,Phoenix,1.0,No
TXN00087,2024-03-27,CUST0048,Male,69,Beauty,8,365.97,2927.76,Cash,New York,4.0,No
TXN00076,2024-03-16,CUST0054,Male,23,Clothing,6,259.1,1554.6,Debit Card,Chicago,4.0,No
TXN00443,2024-03-18,CUST0049,Female,70,Beauty,4,429.29,1717.16,Cash,New York,4.0,Yes
TXN00016,2024-01-16,CUST0152,Male,61,Sports,3,386.92,1160.76,Debit Card,Houston,3.0,No
TXN00326,2024-11-21,CUST0048,Female,51,Electronics,9,91.32,821.8799999999999,Cash,New York,5.0,No
TXN00389,2024-01-24,CUST0104,Male,40,Sports,2,137.54,275.08,Credit Card,Phoenix,3.0,No
TXN00020,2024-01-20,CUST0002,Male,73,Electronics,5,69.48,347.40000000000003,Credit Card,Chicago,3.0,No
TXN00325,2024-11-20,CUST0021,Female,25,Electronics,9,320.99,2888.91,Cash,New York,4.0,Yes
TXN00335,2024-11-30,CUST0176,M,33,Sports,3,48.91,146.73,Credit Card,New York,4.0,No
TXN00057,2024-02-26,CUST0090,M,55,Electronics,9,422.58,3803.22,Cash,New York,3.0,No
TXN00339,2024-12-04,CUST0022,Male,47,Beauty,4,411.34,1645.36,Cash,New York,4.0,No
TXN00409,2024-02-13,CUST0026,Male,46,Clothing,5,379.44,1897.2,Debit Card,Houston,5.0,Yes
TXN00334,2024-11-29,CUST0033,Female,60,Sports,6,446.23,2677.38,Cash,New York,4.0,No
TXN00182,2024-06-30,CUST0129,Male,18,Electronics,8,246.65,1973.2,Cash,Phoenix,2.0,No
TXN00228,2024-08-15,CUST0172,Female,24,Clothing,7,330.55,2313.85,Cash,New York,4.0,No
TXN00427,2024-03-02,CUST0092,Male,29,Electronics,2,155.65,311.3,Cash,Los Angeles,3.0,Yes
TXN00181,2024-06-29,CUST0190,Male,40,Electronics,1,234.51,234.51,Credit Card,Houston,4.0,No
TXN00026,2024-01-26,CUST0188,Male,52,Home & Garden,4,484.56,1938.24,Credit Card,New York,2.0,No
TXN00330,2024-11-25,CUST0135,Male,31,Beauty,7,16.18,113.26,Debit Card,Chicago,5.0,No
TXN00239,2024-08-26,CUST0069,Male,45,Sports,7,426.8,2987.6,Credit Card,Chicago,5.0,Yes
TXN00245,2024-09-01,CUST0097,Male,37,Electronics,4,43.16,172.64,Credit Card,Houston,1.0,No
TXN00251,2024-09-07,CUST0148,Male,45,Beauty,1,91.23,91.23,Credit Card,Houston,5.0,No
TXN00418,2024-02-22,CUST0036,Female,59,Beauty,4,65.16,260.64,Credit Card,Houston,5.0,No
TXN00118,2024-04-27,CUST0005,Male,46,Clothing,7,212.18,1485.26,Cash,Phoenix,4.0,No
TXN00043,2024-02-12,CUST0055,Female,43,Sports,7,472.11,3304.77,Credit Card,Houston,4.0,No
TXN00322,2024-11-17,CUST0068,Male,50,Clothing,9,214.7,1932.3,Debit Card,New York,5.0,Yes
TXN00347,2024-12-12,CUST0027,Female,27,Electronics,7,252.16,1765.12,Credit Card,Los Angeles,4.0,No
TXN00183,2024-07-01,CUST0121,Female,47,Sports,4,75.41,301.64,Cash,Phoenix,5.0,No
TXN00281,2024-10-07,CUST0113,Male,45,Home & Garden,7,237.33,1661.3100000000002,Debit Card,Phoenix,2.0,Yes
TXN00127,2024-05-06,CUST0151,Male,44,Electronics,7,324.74,2273.1800000000003,Credit Card,Chicago,4.0,No
TXN00449,2024-03-24,CUST0188,Male,38,Sports,7,55.99,391.93,Credit Card,Los Angeles,4.0,No
TXN00032,2024-02-01,CUST0049,Female,28,Clothing,1,376.56,376.56,Cash,Phoenix,4.0,No
TXN00114,2024-04-23,CUST0163,Male,47,Electronics,6,363.81,2182.86,Credit Card,Houston,5.0,No
TXN00149,2024-05-28,CUST0063,Female,29,Beauty,5,53.41,267.04999999999995,Cash,Los Angeles,5.0,No
TXN00430,2024-03-05,CUST0032,M,59,Clothing,6,33.59,201.54,Debit Card,Phoenix,4.0,No
TXN00401,2024-02-05,CUST0017,Male,56,Sports,3,217.05,651.1500000000001,Debit Card,Chicago,5.0,No
TXN00058,2024-02-27,CUST0053,Male,50,Beauty,2,366.96,733.92,Credit Card,Phoenix,5.0,Yes
TXN00195,2024-07-13,CUST0165,Male,68,Home & Garden,6,478.74,2872.44,Cash,Houston,5.0,No
TXN00025,2024-01-25,CUST0192,Male,52,Electronics,6,30.56,183.36,Cash,New York,5.0,Yes
TXN00018,2024-01-18,CUST0150,Female,31,Beauty,9,197.15,1774.35,Cash,Phoenix,4.0,No
TXN00298,2024-10-24,CUST0161,Male,63,Sports,6,204.03,1224.18,Debit Card,Houston,5.0,Yes
TXN00067,2024-03-07,CUST0175,Male,19,Home & Garden,4,74.55,298.2,Credit Card,Houston,5.0,Yes
TXN00212,2024-07-30,CUST0113,M,43,Electronics,3,78.23,234.69,Debit Card,Houston,1.0,No
TXN00404,2024-02-08,CUST0137,Female,39,Electronics,4,459.86,1839.44,Credit Card,Chicago,5.0,No
TXN00095,2024-04-04,CUST0024,Male,50,Home & Garden,5,311.83,1559.15,Credit Card,Houston,4.0,No
TXN00155,2024-06-03,CUST0143,Male,50,Clothing,7,324.86,2274.02,Cash,Chicago,3.0,No
TXN00441,2024-03-16,CUST0058,Male,62,Sports,2,295.58,591.16,Cash,Los Angeles,4.0,No
TXN00024,2024-01-24,CUST0130,Female,29,Electronics,9,269.85,2428.65,Cash,Phoenix,4.0,No
TXN00226,2024-08-13,CUST0130,Male,41,Beauty,5,490.84,2454.2,Cash,Phoenix,5.0,Yes
TXN00433,2024-03-08,CUST0051,Female,44,Sports,8,337.22,2697.76,Credit Card,Houston,5.0,Yes
TXN00447,2024-03-22,CUST0015,Male,34,Beauty,5,303.5,1517.5,Cash,Los Angeles,5.0,No
TXN00006,2024-01-06,CUST0072,Female,28,Beauty,9,100.75,906.75,Credit Card,Houston,1.0,No
TXN00117,2024-04-26,CUST0123,M,32,Beauty,9,201.85,1816.65,Credit Card,Chicago,5.0,No
TXN00046,2024-02-15,CUST0051,Male,62,Electronics,5,106.76,533.8000000000001,Cash,New York,5.0,No
TXN00017,2024-01-17,CUST0131,Female,67,Home & Garden,6,316.09,1896.54,Cash,Chicago,5.0,No
TXN00468,2024-04-12,CUST0013,Female,56,Home & Garden,2,261.06,522.12,Credit Card,Chicago,2.0,No
TXN00004,2024-01-04,CUST0015,M,34,Clothing,1,389.58,389.58,Credit Card,Chicago,3.0,No
TXN00295,2024-10-21,CUST0152,Male,27,Sports,7,293.02,2051.14,Debit Card,Chicago,5.0,No
TXN00186,2024-07-04,CUST0121,Male,43,Clothing,6,253.27,1519.62,Cash,New York,4.0,No
TXN00061,2024-03-01,CUST0092,Male,50,Sports,8,96.94,775.52,Debit Card,Chicago,3.0,No
TXN00111,2024-04-20,CUST0139,M,64,Sports,4,498.2,1992.8,Debit Card,Houston,5.0,Yes
TXN00321,2024-11-16,CUST0161,M,68,Home & Garden,2,483.89,967.78,Debit Card,New York,2.0,No
TXN00266,2024-09-22,CUST0082,M,66,Home & Garden,6,136.72,820.3199999999999,Cash,Chicago,4.0,No
TXN00030,2024-01-30,CUST0022,Female,46,Sports,5,304.92,1524.6,Cash,Houston,4.0,No
TXN00263,2024-09-19,CUST0168,Male,49,Home & Garden,5,35.46,177.3,Debit Card,Chicago,4.0,Yes
TXN00478,2024-04-22,CUST0092,Male,22,Beauty,1,44.76,44.76,Credit Card,New York,4.0,Yes
TXN00027,2024-01-27,CUST0021,Female,18,Beauty,9,401.37,3612.33,Cash,Los Angeles,5.0,Yes
TXN00008,2024-01-08,CUST0021,Male,41,Clothing,3,58.21,174.63,Credit Card,Houston,4.0,No
TXN00458,2024-04-02,CUST0006,Male,53,Sports,4,222.95,891.8,Cash,New York,3.0,No
TXN00109,2024-04-18,CUST0136,Male,30,Electronics,2,159.75,319.5,Debit Card,Chicago,4.0,No
TXN00038,2024-02-07,CUST0190,Male,38,Sports,2,120.06,240.12,Credit Card,Chicago,5.0,No
TXN00158,2024-06-06,CUST0036,Female,60,Clothing,9,394.97,3554.7300000000005,Debit Card,Houston,3.0,Yes
TXN00472,2024-04-16,CUST0158,Male,51,Home & Garden,5,329.59,1647.9499999999998,Credit Card,Los Angeles,5.0,No
TXN00119,2024-04-28,CUST0041,Male,25,Sports,3,350.85,1052.5500000000002,Credit Card,Los Angeles,4.0,No
TXN00115,2024-04-24,CUST0163,Male,69,Home & Garden,2,444.24,888.48,Credit Card,New York,3.0,No
TXN00176,2024-06-24,CUST0030,M,31,Beauty,9,220.53,1984.77,Cash,Phoenix,5.0,No
TXN00193,2024-07-11,CUST0137,Male,71,Home & Garden,6,378.17,2269.02,Cash,New York,3.0,No
TXN00273,2024-09-29,CUST0159,Male,35,Clothing,6,441.0,2646.0,Credit Card,Houston,3.0,No
TXN00145,2024-05-24,CUST0090,Female,64,Sports,5,225.7,1128.5,Cash,New York,3.0,No
TXN00490,2024-05-04,CUST0122,M,60,Clothing,7,147.53,1032.71,Cash,New York,4.0,Yes
TXN00383,2024-01-18,CUST0128,Female,41,Clothing,2,330.05,660.1,Cash,New York,4.0,Yes
TXN00356,2024-12-21,CUST0048,M,46,Sports,4,180.49,721.96,Credit Card,Chicago,4.0,Yes
TXN00278,2024-10-04,CUST0090,Male,67,Beauty,1,388.29,388.29,Credit Card,Phoenix,5.0,Yes
TXN00221,2024-08-08,CUST0054,Male,34,Clothing,1,469.04,469.04,Cash,Los Angeles,4.0,Yes
TXN00450,2024-03-25,CUST0101,Male,45,Sports,5,455.72,2278.6000000000004,Credit Card,Los Angeles,4.0,Yes
TXN00142,2024-05-21,CUST0027,Male,23,Electronics,8,356.76,2854.08,Credit Card,Chicago,5.0,No
TXN00369,2024-01-04,CUST0124,Male,29,Electronics,9,346.3,3116.7000000000003,Credit Card,Chicago,4.0,No
TXN00068,2024-03-08,CUST0035,Female,31,Electronics,2,365.73,731.46,Credit Card,Los Angeles,4.0,No
TXN00361,2024-12-26,CUST0049,M,22,Sports,6,182.66,1095.96,Credit Card,New York,4.0,No
TXN00169,2024-06-17,CUST0185,Male,66,Beauty,3,21.85,65.55000000000001,Debit Card,Los Angeles,5.0,No
TXN00499,2024-05-13,CUST0129,Female,34,Electronics,5,403.27,2016.35,Debit Card,Houston,5.0,Yes
TXN00379,2024-01-14,CUST0191,Male,52,Clothing,4,159.6,638.4,Credit Card,Phoenix,5.0,No
TXN00366,2024-01-01,CUST0117,Female,20,Electronics,4,71.87,287.48,Credit Card,Houston,4.0,No
TXN00194,2024-07-12,CUST0062,Male,72,Sports,1,331.91,1659.5500000000002,Cash,Chicago,5.0,No
TXN00250,2024-09-06,CUST0003,M,39,Beauty,5,247.5,1237.5,Credit Card,Los Angeles,4.0,No
TXN00110,2024-04-19,CUST0063,M,48,Electronics,6,439.56,2637.36,Cash,Phoenix,3.0,No
TXN00434,2024-03-09,CUST0153,Male,74,Sports,7,300.68,2104.76,Credit Card,New York,2.0,No
TXN00146,2024-05-25,CUST0042,Male,43,Sports,9,82.25,740.25,Debit Card,Chicago,4.0,No
TXN00093,2024-04-02,CUST0111,Male,55,Home & Garden,1,281.99,281.99,Debit Card,Phoenix,5.0,No
TXN00153,2024-06-01,CUST0132,Male,35,Sports,2,499.19,998.38,Debit Card,Houston,4.0,No
TXN00223,2024-08-10,CUST0129,Male,61,Beauty,5,215.21,1076.05,Cash,Chicago,4.0,No
TXN00410,2024-02-14,CUST0099,Male,62,Home & Garden,7,404.4,2830.8,Credit Card,Houston,2.0,Yes
TXN00084,2024-03-24,CUST0190,Male,64,Sports,2,236.16,472.32,Cash,New York,5.0,No
TXN00249,2024-09-05,CUST0093,Male,71,Sports,8,234.57,1876.56,Cash,Houston,4.0,Yes
TXN00166,2024-06-14,CUST0170,Male,54,Home & Garden,4,187.5,750.0,Cash,Phoenix,5.0,Yes
TXN00164,2024-06-12,CUST0028,Male,22,Electronics,3,298.01,894.03,Cash,Los Angeles,4.0,Yes
TXN00200,2024-07-18,CUST0118,Female,26,Sports,8,131.02,1048.16,Credit Card,New York,5.0,Yes
TXN00232,2024-08-19,CUST0068,Female,41,Clothing,2,486.28,972.56,Cash,New York,5.0,Yes
TXN00075,2024-03-15,CUST0134,Male,23,Sports,8,299.27,2394.16,Cash,Chicago,5.0,No
TXN00311,2024-11-06,CUST0093,Male,72,Sports,7,100.27,701.89,Credit Card,Chicago,5.0,No
TXN00455,2024-03-30,CUST0005,Male,18,Clothing,8,263.55,2108.4,Cash,Los Angeles,3.0,Yes
TXN00254,2024-09-10,CUST0147,Male,24,Clothing,9,337.82,3040.38,Credit Card,Phoenix,3.0,Yes
TXN00120,2024-04-29,CUST0028,Male,22,Sports,1,11.58,11.58,Cash,Chicago,3.0,No
TXN00285,2024-10-11,CUST0140,Male,55,Beauty,4,61.68,246.72,Cash,Phoenix,4.0,No
TXN00302,2024-10-28,CUST0113,Female,72,Home & Garden,8,350.99,2807.92,Debit Card,Phoenix,5.0,No
TXN00483,2024-04-27,CUST0062,Male,47,Sports,5,78.61,393.05,Cash,Chicago,4.0,No
TXN00357,2024-12-22,CUST0147,Male,35,Clothing,2,230.67,461.34,Credit Card,New York,5.0,No
TXN00403,2024-02-07,CUST0161,Male,71,Beauty,1,372.55,372.55,Credit Card,Phoenix,4.0,Yes
TXN00229,2024-08-16,CUST0160,Male,69,Electronics,9,107.07,963.63,Credit Card,New York,2.0,Yes
TXN00262,2024-09-18,CUST0161,Male,36,Clothing,2,235.03,470.06,Credit Card,Los Angeles,4.0,No
TXN00238,2024-08-25,CUST0024,Male,43,Sports,6,132.97,797.8199999999999,Debit Card,Phoenix,4.0,No
TXN00438,2024-03-13,CUST0125,M,57,Clothing,2,127.36,254.72,Debit Card,Phoenix,5.0,Yes
TXN00476,2024-04-20,CUST0063,Male,71,Clothing,6,258.07,1548.42,Credit Card,Houston,4.0,No
TXN00037,2024-02-06,CUST0190,Female,52,Electronics,2,464.76,929.52,Credit Card,New York,3.0,No
TXN00197,2024-07-15,CUST0172,Male,32,Sports,9,37.96,341.64,Cash,Phoenix,5.0,Yes
TXN00140,2024-05-19,CUST0142,Male,57,Clothing,3,173.78,521.34,Credit Card,Chicago,4.0,No
TXN00368,2024-01-03,CUST0099,M,72,Home & Garden,3,169.3,507.9,Cash,New York,4.0,No
TXN00248,2024-09-04,CUST0070,Male,37,Home & Garden,4,50.05,200.2,Debit Card,Phoenix,4.0,No
TXN00288,2024-10-14,CUST0160,Male,18,Clothing,7,196.41,1374.87,Debit Card,Phoenix,4.0,No
TXN00378,2024-01-13,CUST0116,Male,61,Electronics,9,261.2,2350.8,Credit Card,Chicago,2.0,No
TXN00060,2024-02-29,CUST0084,Male,32,Home & Garden,7,331.52,2320.64,Cash,Los Angeles,4.0,Yes
TXN00112,2024-04-21,CUST0081,Male,53,Electronics,6,190.47,1142.82,Credit Card,Phoenix,2.0,No
TXN00090,2024-03-30,CUST0190,Male,44,Electronics,9,206.73,1860.57,Credit Card,Los Angeles,1.0,Yes
TXN00267,2024-09-23,CUST0104,Male,62,Electronics,8,90.71,725.68,Credit Card,Chicago,5.0,No
TXN00007,2024-01-07,CUST0189,M,32,Beauty,2,95.31,190.62,Credit Card,Los Angeles,5.0,Yes
TXN00457,2024-04-01,CUST0196,M,70,Home & Garden,9,165.3,1487.7,Credit Card,Houston,4.0,Yes
TXN00348,2024-12-13,CUST0021,Male,24,Electronics,4,415.84,1663.36,Credit Card,Chicago,2.0,No
TXN00341,2024-12-06,CUST0038,Male,31,Home & Garden,6,358.02,2148.12,Credit Card,Chicago,2.0,Yes
TXN00159,2024-06-07,CUST0013,Female,29,Electronics,4,67.98,271.92,Cash,Los Angeles,3.0,Yes
TXN00151,2024-05-30,CUST0052,Male,30,Clothing,7,303.13,2121.91,Cash,Phoenix,2.0,Yes
TXN00178,2024-06-26,CUST0075,Female,58,Clothing,7,422.55,2957.85,Credit Card,New York,5.0,Yes
TXN00397,2024-02-01,CUST0194,M,57,Clothing,9,277.86,2500.74,Credit Card,Houston,3.0,No
TXN00185,2024-07-03,CUST0190,Female,38,Beauty,4,366.69,1466.76,Credit Card,Houston,5.0,Yes
TXN00318,2024-11-13,CUST0163,Male,64,Beauty,1,442.38,442.38,Cash,Los Angeles,5.0,No
TXN00011,2024-01-11,CUST0075,Male,52,Home & Garden,1,139.87,139.87,Debit Card,Houston,4.0,No
TXN00384,2024-01-19,CUST0018,Male,34,Electronics,7,469.77,3288.39,Cash,Chicago,2.0,No
TXN00104,2024-04-13,CUST0089,Male,22,Sports,9,109.22,982.98,Debit Card,Phoenix,4.0,Yes
TXN00082,2024-03-22,CUST0044,Male,69,Beauty,7,382.95,2680.65,Debit Card,Chicago,4.0,Yes
TXN00039,2024-02-08,CUST0175,Male,54,Clothing,9,192.36,1731.2400000000002,Cash,New York,5.0,No
TXN00317,2024-11-12,CUST0054,Male,74,Beauty,4,50.9,203.6,Credit Card,Los Angeles,4.0,No
TXN00168,2024-06-16,CUST0062,Male,59,Clothing,4,22.84,91.36,Cash,Houston,4.0,No
TXN00475,2024-04-19,CUST0120,Female,41,Home & Garden,8,374.36,2994.88,Cash,Phoenix,3.0,No
TXN00299,2024-10-25,CUST0152,Male,51,Beauty,5,458.39,2291.95,Cash,Chicago,5.0,Yes
TXN00405,2024-02-09,CUST0043,M,60,Electronics,4,147.22,588.88,Credit Card,Los Angeles,4.0,Yes
TXN00199,2024-07-17,CUST0059,Male,64,Clothing,9,138.24,1244.16,Cash,Chicago,4.0,No
TXN00377,2024-01-12,CUST0188,Male,70,Home & Garden,4,350.13,1400.52,Debit Card,Houston,5.0,No
TXN00147,2024-05-26,CUST0124,Male,63,Electronics,5,170.81,854.05,Debit Card,Chicago,4.0,No
TXN00396,2024-01-31,CUST0151,Male,26,Clothing,3,433.64,1300.92,Credit Card,New York,1.0,Yes
TXN00148,2024-05-27,CUST0179,Female,60,Electronics,2,222.67,445.34,Debit Card,Phoenix,4.0,No
TXN00484,2024-04-28,CUST0023,Female,36,Clothing,1,145.64,145.64,Credit Card,Los Angeles,4.0,Yes
TXN00290,2024-10-16,CUST0099,Female,46,Clothing,7,482.59,3378.13,Cash,Los Angeles,3.0,No
TXN00124,2024-05-03,CUST0162,Male,29,Beauty,9,55.57,500.13,Debit Card,Houston,2.0,No
TXN00372,2024-01-07,CUST0093,Male,54,Electronics,5,429.31,2146.55,Cash,Chicago,5.0,No
TXN00097,2024-04-06,CUST0188,Male,44,Clothing,9,184.14,1657.2599999999998,Cash,Chicago,2.0,No
TXN00144,2024-05-23,CUST0015,M,40,Beauty,6,263.46,1580.7599999999998,Cash,Los Angeles,5.0,Yes
TXN00240,2024-08-27,CUST0116,M,67,Home & Garden,9,285.0,2565.0,Cash,Houston,5.0,No
TXN00276,2024-10-02,CUST0007,Male,68,Home & Garden,2,231.11,462.22,Credit Card,New York,5.0,No
TXN00098,2024-04-07,CUST0124,Male,72,Electronics,2,394.06,788.12,Credit Card,New York,4.0,Yes
TXN00353,2024-12-18,CUST0192,M,65,Electronics,2,59.31,118.62,Debit Card,Houston,4.0,No
TXN00123,2024-05-02,CUST0012,Female,21,Home & Garden,7,399.16,2794.1200000000003,Credit Card,New York,5.0,No
TXN00184,2024-07-02,CUST0027,Male,54,Beauty,4,49.49,197.96,Credit Card,Los Angeles,5.0,No
TXN00203,2024-07-21,CUST0180,Male,27,Clothing,5,143.26,716.3,Debit Card,New York,3.0,No
TXN00247,2024-09-03,CUST0187,Male,66,Clothing,7,276.33,1934.31,Debit Card,Phoenix,4.0,Yes
TXN00308,2024-11-03,CUST0112,M,25,Home & Garden,6,491.93,2951.58,Cash,Chicago,3.0,No
TXN00423,2024-02-27,CUST0144,Male,34,Clothing,5,16.08,80.39999999999999,Cash,Houston,4.0,No
TXN00354,2024-12-19,CUST0197,M,47,Home & Garden,3,127.54,382.62,Cash,Houston,4.0,No
TXN00303,2024-10-29,CUST0200,Male,45,Beauty,1,398.7,398.7,Credit Card,Phoenix,5.0,Yes
TXN00399,2024-02-03,CUST0155,Male,62,Electronics,5,488.63,2443.15,Debit Card,Houston,4.0,No
TXN00287,2024-10-13,CUST0037,Male,21,Clothing,9,412.83,3715.47,Debit Card,Houston,4.0,No
TXN00126,2024-05-05,CUST0048,M,19,Clothing,1,245.68,245.68,Cash,Houston,4.0,Yes
TXN00305,2024-10-31,CUST0166,Female,67,Beauty,5,430.02,2150.1,Credit Card,Los Angeles,3.0,No
TXN00224,2024-08-11,CUST0147,Female,68,Home & Garden,1,137.48,137.48,Cash,New York,4.0,No
TXN00422,2024-02-26,CUST0008,Male,51,Beauty,7,128.53,899.71,Cash,New York,5.0,No
TXN00220,2024-08-07,CUST0130,M,44,Sports,2,284.48,568.96,Credit Card,Houston,4.0,No
TXN00130,2024-05-09,CUST0099,M,68,Beauty,9,285.13,2566.17,Debit Card,Houston,4.0,No
TXN00424,2024-02-28,CUST0142,Male,54,Home & Garden,6,239.7,1438.1999999999998,Cash,Phoenix,5.0,Yes
TXN00292,2024-10-18,CUST0048,Male,56,Home & Garden,8,266.43,2131.44,Credit Card,Phoenix,5.0,No
TXN00493,2024-05-07,CUST0096,Female,43,Sports,8,12.7,101.6,Cash,Chicago,5.0,No
TXN00394,2024-01-29,CUST0175,Male,34,Clothing,9,229.06,2061.54,Credit Card,Chicago,2.0,No
TXN00480,2024-04-24,CUST0183,Male,50,Sports,7,187.31,1311.17,Credit Card,Houston,1.0,No
TXN00358,2024-12-23,CUST0004,Male,19,Beauty,9,376.92,3392.28,Credit Card,New York,5.0,No
TXN00297,2024-10-23,CUST0120,Male,36,Sports,8,400.98,3207.84,Debit Card,Houston,2.0,Yes
TXN00370,2024-01-05,CUST0037,Male,37,Beauty,6,44.12,264.72,Cash,Chicago,5.0,Yes
TXN00343,2024-12-08,CUST0051,Male,72,Home & Garden,3,240.87,722.61,Debit Card,Los Angeles,1.0,No
TXN00113,2024-04-22,CUST0136,Male,62,Electronics,3,229.82,689.46,Credit Card,Chicago,5.0,No
TXN00180,2024-06-28,CUST0092,M,28,Clothing,8,403.3,3226.4,Cash,Chicago,4.0,No
TXN00419,2024-02-23,CUST0173,Male,53,Electronics,3,354.81,1064.43,Credit Card,New York,4.0,No
TXN00342,2024-12-07,CUST0109,Female,48,Sports,2,164.03,328.06,Cash,New York,4.0,No
TXN00333,2024-11-28,CUST0128,Male,63,Electronics,7,362.48,2537.36,Cash,New York,4.0,Yes
TXN00487,2024-05-01,CUST0140,Male,60,Beauty,8,246.2,1969.6,Cash,Chicago,3.0,No
TXN00363,2024-12-28,CUST0172,Male,28,Clothing,4,240.93,963.72,Credit Card,Chicago,4.0,No
TXN00234,2024-08-21,CUST0184,Female,66,Sports,7,181.26,1268.82,Debit Card,Houston,4.0,Yes
TXN00473,2024-04-17,CUST0147,Male,72,Clothing,7,475.76,3330.32,Credit Card,Chicago,5.0,No
TXN00165,2024-06-13,CUST0066,Male,73,Electronics,2,100.39,200.78,Cash,Houston,5.0,No
TXN00137,2024-05-16,CUST0131,Female,37,Beauty,8,254.15,2033.2,Cash,Los Angeles,5.0,No
TXN00198,2024-07-16,CUST0152,Male,38,Electronics,8,148.27,1186.16,Credit Card,Chicago,5.0,Yes
TXN00259,2024-09-15,CUST0096,M,40,Home & Garden,7,40.51,283.57,Credit Card,New York,4.0,No
TXN00233,2024-08-20,CUST0183,Male,50,Beauty,3,308.18,924.54,Cash,Phoenix,4.0,Yes
TXN00116,2024-04-25,CUST0033,Male,73,Home & Garden,2,300.59,601.18,Cash,New York,5.0,Yes
TXN00121,2024-04-30,CUST0135,Male,46,Sports,8,313.6,2508.8,Credit Card,Houston,3.0,No
TXN00352,2024-12-17,CUST0111,M,36,Electronics,2,414.73,829.46,Cash,Phoenix,4.0,No
TXN00225,2024-08-12,CUST0126,Male,71,Sports,6,368.1,2208.6000000000004,Credit Card,New York,3.0,No
TXN00406,2024-02-10,CUST0176,M,63,Electronics,7,430.59,3014.13,Cash,Chicago,5.0,Yes
TXN00437,2024-03-12,CUST0190,Male,44,Home & Garden,5,48.69,243.45,Debit Card,Chicago,4.0,No
TXN00128,2024-05-07,CUST0062,Male,48,Home & Garden,5,41.78,208.9,Cash,Los Angeles,5.0,No
TXN00286,2024-10-12,CUST0197,Male,68,Beauty,5,331.82,1659.1,Cash,New York,4.0,No
TXN00415,2024-02-19,CUST0060,Male,23,Home & Garden,7,416.4,2914.8,Cash,Chicago,5.0,No
TXN00108,2024-04-17,CUST0129,Male,55,Sports,4,82.96,331.84,Credit Card,Phoenix,4.0,No
TXN00374,2024-01-09,CUST0181,Male,47,Home & Garden,8,420.15,3361.2,Cash,New York,5.0,Yes
TXN00371,2024-01-06,CUST0024,Female,22,Beauty,9,95.69,861.21,Debit Card,Houston,4.0,Yes
TXN00134,2024-05-13,CUST0193,Male,60,Beauty,3,404.44,1213.32,Credit Card,Los Angeles,3.0,No
TXN00400,2024-02-04,CUST0130,Female,42,Beauty,9,64.25,578.25,Credit Card,Los Angeles,5.0,Yes
TXN00045,2024-02-14,CUST0131,Male,42,Sports,6,69.54,417.24,Cash,Phoenix,2.0,Yes
TXN00466,2024-04-10,CUST0052,M,53,Beauty,9,354.29,3188.61,Cash,Los Angeles,5.0,No
TXN00066,2024-03-06,CUST0008,M,72,Clothing,7,90.76,635.32,Debit Card,Los Angeles,3.0,No
TXN00284,2024-10-10,CUST0048,M,47,Electronics,6,253.93,1523.58,Cash,New York,4.0,Yes
TXN00086,2024-03-26,CUST0095,Male,50,Beauty,8,130.87,1046.96,Cash,Houston,3.0,Yes
TXN00243,2024-08-30,CUST0139,Male,24,Beauty,8,431.47,3451.76,Credit Card,Chicago,2.0,Yes
TXN00187,2024-07-05,CUST0116,Male,63,Home & Garden,7,224.06,1568.42,Cash,Chicago,5.0,Yes
TXN00387,2024-01-22,CUST0058,Female,73,Sports,5,396.34,1981.7,Credit Card,Phoenix,5.0,No
TXN00160,2024-06-08,CUST0160,Male,61,Beauty,3,210.85,632.55,Cash,Phoenix,4.0,Yes
TXN00013,2024-01-13,CUST0117,Male,48,Clothing,8,50.26,402.08,Cash,New York,5.0,Yes
TXN00036,2024-02-05,CUST0015,Male,47,Clothing,4,175.75,703.0,Cash,Chicago,5.0,No
TXN00029,2024-01-29,CUST0058,Female,39,Electronics,5,490.19,2450.95,Cash,New York,5.0,No
TXN00171,2024-06-19,CUST0028,Male,48,Beauty,4,143.8,575.2,Cash,Phoenix,4.0,Yes
TXN00143,2024-05-22,CUST0137,M,25,Clothing,2,396.42,792.84,Cash,Phoenix,4.0,No
TXN00417,2024-02-21,CUST0057,Male,38,Clothing,5,437.65,2188.25,Cash,Chicago,3.0,No
TXN00425,2024-02-29,CUST0115,Male,42,Home & Garden,5,157.62,788.1,Debit Card,Chicago,5.0,Yes
TXN00222,2024-08-09,CUST0087,M,60,Home & Garden,7,35.61,249.27,Debit Card,Chicago,4.0,No
TXN00096,2024-04-05,CUST0154,Female,54,Electronics,5,102.13,510.65,Debit Card,New York,5.0,No
TXN00052,2024-02-21,CUST0132,Male,56,Home & Garden,4,424.79,1699.16,Credit Card,Houston,4.0,No
TXN00241,2024-08-28,CUST0098,Male,38,Clothing,1,266.46,266.46,Credit Card,Los Angeles,4.0,No
TXN00376,2024-01-11,CUST0099,Male,51,Home & Garden,2,325.01,650.02,Cash,Phoenix,4.0,No
TXN00382,2024-01-17,CUST0067,Male,61,Electronics,6,158.93,953.58,Credit Card,New York,4.0,Yes
TXN00179,2024-06-27,CUST0128,M,39,Home & Garden,7,101.19,708.3299999999999,Credit Card,Phoenix,4.0,No
TXN00042,2024-02-11,CUST0108,Male,31,Clothing,1,310.34,310.34,Credit Card,Chicago,1.0,No
TXN00440,2024-03-15,CUST0058,Male,29,Beauty,5,26.99,134.95,Cash,Phoenix,4.0,No
TXN00391,2024-01-26,CUST0024,Male,34,Clothing,2,338.66,677.32,Credit Card,Chicago,4.0,Yes
TXN00207,2024-07-25,CUST0052,M,43,Sports,3,42.03,126.09,Credit Card,Phoenix,4.0,Yes
TXN00283,2024-10-09,CUST0129,Male,67,Beauty,8,273.96,2191.68,Cash,New York,4.0,No
TXN00255,2024-09-11,CUST0090,Male,18,Home & Garden,8,236.52,1892.16,Debit Card,Phoenix,5.0,Yes
TXN00416,2024-02-20,CUST0135,Male,35,Clothing,2,147.95,295.9,Cash,Phoenix,4.0,No
TXN00005,2024-01-05,CUST0107,Male,26,Electronics,9,334.07,3006.63,Cash,New York,5.0,No
TXN00257,2024-09-13,CUST0147,Female,30,Sports,6,328.98,1973.88,Debit Card,Chicago,5.0,No
TXN00453,2024-03-28,CUST0060,Male,71,Electronics,4,440.7,1762.8,Cash,New York,2.0,No
TXN00101,2024-04-10,CUST0015,Male,39,Electronics,9,382.89,3446.01,Credit Card,Los Angeles,5.0,No
TXN00227,2024-08-14,CUST0053,Male,42,Sports,3,135.7,407.1,Credit Card,Los Angeles,1.0,No
TXN00432,2024-03-07,CUST0086,Male,38,Home & Garden,7,427.61,2993.27,Credit Card,Los Angeles,5.0,Yes
TXN00214,2024-08-01,CUST0113,Male,55,Beauty,1,211.44,211.44,Debit Card,Los Angeles,3.0,No
TXN00426,2024-03-01,CUST0143,Male,55,Sports,7,303.2,2122.4,Cash,New York,2.0,No
TXN00172,2024-06-20,CUST0028,Male,26,Beauty,2,263.86,527.72,Credit Card,Los Angeles,4.0,No
TXN00099,2024-04-08,CUST0041,Male,50,Home & Garden,2,281.57,563.14,Cash,Los Angeles,5.0,Yes
TXN00293,2024-10-19,CUST0131,Male,20,Electronics,4,150.7,602.8,Cash,Houston,4.0,No
TXN00216,2024-08-03,CUST0081,Male,24,Sports,2,450.92,901.84,Credit Card,Los Angeles,4.0,No
TXN00062,2024-03-02,CUST0111,Female,42,Clothing,2,277.06,554.12,Debit Card,Houston,4.0,No
TXN00048,2024-02-17,CUST0021,Male,42,Clothing,5,326.45,1632.25,Credit Card,Los Angeles,4.0,No
TXN00033,2024-02-02,CUST0059,Male,58,Electronics,8,407.77,3262.16,Cash,Houston,3.0,No
TXN00268,2024-09-24,CUST0129,Female,46,Clothing,2,171.81,343.62,Debit Card,Phoenix,4.0,Yes
TXN00328,2024-11-23,CUST0128,M,49,Clothing,3,219.47,658.41,Cash,Houston,5.0,No
TXN00201,2024-07-19,CUST0160,Male,70,Sports,8,454.06,3632.48,Cash,Chicago,3.0,No
TXN00451,2024-03-26,CUST0008,Male,63,Electronics,4,337.91,1351.64,Credit Card,Phoenix,4.0,Yes
TXN00028,2024-01-28,CUST0161,Male,57,Sports,5,153.48,767.4,Credit Card,Houston,5.0,No
TXN00393,2024-01-28,CUST0032,Female,68,Clothing,8,64.38,515.04,Cash,Chicago,5.0,No
TXN00231,2024-08-18,CUST0160,Female,70,Clothing,9,237.33,2135.9700000000003,Debit Card,Phoenix,4.0,Yes
TXN00261,2024-09-17,CUST0052,Male,73,Home & Garden,1,405.14,405.14,Cash,Houston,3.0,Yes
TXN00289,2024-10-15,CUST0009,Female,25,Clothing,9,390.05,3510.4500000000003,Cash,New York,5.0,No
TXN00163,2024-06-11,CUST0086,M,21,Sports,6,290.22,1741.3200000000002,Cash,Phoenix,4.0,No
TXN00429,2024-03-04,CUST0066,Female,70,Beauty,6,374.16,2244.96,Credit Card,Chicago,5.0,No
TXN00139,2024-05-18,CUST0005,Female,27,Electronics,9,38.69,348.21,Credit Card,Houston,4.0,No
TXN00063,2024-03-03,CUST0188,Male,34,Beauty,7,492.49,3447.4300000000003,Cash,New York,3.0,No
TXN00136,2024-05-15,CUST0175,Male,22,Clothing,3,414.27,1242.81,Cash,Los Angeles,4.0,No
TXN00129,2024-05-08,CUST0037,Male,68,Home & Garden,3,294.19,882.5699999999999,Credit Card,New York,5.0,No
TXN00482,2024-04-26,CUST0117,Male,64,Beauty,3,32.37,97.11,Debit Card,Houston,5.0,No
TXN00009,2024-01-09,CUST0103,Male,55,Sports,5,333.55,1667.75,Cash,Los Angeles,4.0,Yes
TXN00327,2024-11-22,CUST0148,M,52,Home & Garden,1,442.14,442.14,Cash,Houston,5.0,No
TXN00469,2024-04-13,CUST0114,M,57,Clothing,1,61.07,61.07,Credit Card,Los Angeles,4.0,No
TXN00065,2024-03-05,CUST0172,Female,64,Beauty,4,31.16,124.64,Cash,Chicago,4.0,No
TXN00301,2024-10-27,CUST0075,Male,40,Clothing,8,87.4,699.2,Credit Card,New York,4.0,No
TXN00015,2024-01-15,CUST0104,Male,22,Beauty,7,154.77,1083.39,Debit Card,Los Angeles,5.0,No
TXN00157,2024-06-05,CUST0029,M,57,Clothing,5,321.73,1608.65,Cash,Chicago,3.0,Yes
TXN00041,2024-02-10,CUST0051,Male,36,Electronics,4,225.31,901.24,Cash,Phoenix,5.0,No
TXN00380,2024-01-15,CUST0160,Female,69,Clothing,4,114.2,456.8,Credit Card,Chicago,4.0,No
TXN00465,2024-04-09,CUST0168,Male,28,Electronics,9,299.93,2699.37,Cash,Los Angeles,3.0,No
TXN00407,2024-02-11,CUST0039,M,21,Clothing,8,153.19,1225.52,Debit Card,Chicago,4.0,No
TXN00217,2024-08-04,CUST0187,Male,35,Beauty,5,20.69,103.45,Debit Card,Los Angeles,3.0,No
TXN00280,2024-10-06,CUST0060,Male,71,Sports,2,41.95,83.9,Debit Card,Phoenix,4.0,No
TXN00439,2024-03-14,CUST0150,Female,51,Clothing,5,399.34,1996.7,Credit Card,Houston,5.0,No
TXN00435,2024-03-10,CUST0186,Female,48,Sports,5,447.23,2236.15,Cash,Phoenix,4.0,No
TXN00338,2024-12-03,CUST0119,Male,54,Home & Garden,5,430.51,2152.55,Cash,New York,5.0,No
TXN00237,2024-08-24,CUST0038,Male,39,Clothing,3,120.41,361.23,Cash,Chicago,5.0,No
TXN00208,2024-07-26,CUST0012,Male,58,Sports,4,248.91,995.64,Cash,Houston,4.0,No
TXN00213,2024-07-31,CUST0101,Male,28,Beauty,4,270.89,1083.56,Credit Card,New York,3.0,Yes
TXN00296,2024-10-22,CUST0054,M,27,Electronics,3,320.95,962.85,Credit Card,Houston,5.0,No
TXN00462,2024-04-06,CUST0047,Male,38,Home & Garden,9,227.26,2045.34,Credit Card,Houston,4.0,No
TXN00252,2024-09-08,CUST0187,Female,57,Clothing,4,473.39,1893.56,Credit Card,Los Angeles,5.0,Yes
TXN00494,2024-05-08,CUST0126,Male,19,Sports,3,13.76,41.28,Credit Card,Houston,3.0,Yes
TXN00463,2024-04-07,CUST0099,M,28,Home & Garden,1,307.47,307.47,Credit Card,Chicago,4.0,No
TXN00304,2024-10-30,CUST0164,Female,49,Beauty,9,165.21,1486.89,Credit Card,Los Angeles,5.0,No
TXN00351,2024-12-16,CUST0028,M,38,Home & Garden,3,358.89,1076.67,Cash,New York,5.0,Yes
TXN00270,2024-09-26,CUST0185,M,33,Clothing,6,264.5,1587.0,Cash,Los Angeles,5.0,No
TXN00202,2024-07-20,CUST0096,Male,26,Beauty,1,132.28,132.28,Credit Card,Los Angeles,2.0,No
TXN00162,2024-06-10,CUST0187,Male,65,Sports,5,198.08,990.4,Cash,New York,4.0,No
TXN00044,2024-02-13,CUST0064,M,21,Clothing,1,127.94,383.82,Credit Card,Chicago,1.0,No
TXN00218,2024-08-05,CUST0113,Male,44,Sports,1,335.26,335.26,Credit Card,Phoenix,5.0,No
TXN00402,2024-02-06,CUST0104,Female,26,Beauty,7,30.59,214.13,Cash,New York,4.0,Yes
TXN00191,2024-07-09,CUST0200,M,74,Clothing,7,309.01,2163.07,Debit Card,New York,4.0,No
TXN00310,2024-11-05,CUST0153,Male,74,Sports,8,108.99,871.92,Cash,New York,5.0,No
TXN00260,2024-09-16,CUST0199,Male,68,Home & Garden,4,261.13,1044.52,Debit Card,Chicago,3.0,Yes
TXN00106,2024-04-15,CUST0009,Male,50,Home & Garden,5,190.29,951.45,Credit Card,Los Angeles,1.0,No
TXN00054,2024-02-23,CUST0060,Male,31,Clothing,2,133.6,267.2,Debit Card,Los Angeles,5.0,No
TXN00390,2024-01-25,CUST0174,M,49,Home & Garden,9,454.53,4090.77,Cash,Chicago,1.0,No
TXN00002,2024-01-02,CUST0180,Male,54,Sports,7,155.3,1087.1,Debit Card,Houston,4.0,No
TXN00492,2024-05-06,CUST0034,Female,26,Clothing,3,263.12,789.36,Cash,New York,4.0,Yes
TXN00488,2024-05-02,CUST0129,Male,34,Clothing,8,106.09,848.72,Credit Card,Chicago,4.0,No
TXN00050,2024-02-19,CUST0167,M,57,Sports,1,409.81,409.81,Credit Card,Houston,4.0,No
TXN00420,2024-02-24,CUST0020,Male,58,Home & Garden,7,274.94,1924.58,Debit Card,New York,4.0,No
TXN00081,2024-03-21,CUST0146,M,59,Clothing,7,321.78,2252.46,Debit Card,Chicago,5.0,No
TXN00206,2024-07-24,CUST0186,Male,70,Beauty,8,390.59,3124.72,Credit Card,Houston,5.0,No
TXN00035,2024-02-04,CUST0188,Male,31,Beauty,6,72.77,436.62,Debit Card,Houston,5.0,No
TXN00431,2024-03-06,CUST0191,Male,39,Beauty,5,452.42,2262.1,Credit Card,Chicago,4.0,No
TXN00264,2024-09-20,CUST0128,Female,47,Beauty,5,395.28,1976.4,Cash,Phoenix,5.0,No
TXN00428,2024-03-03,CUST0098,Male,40,Sports,5,156.96,784.8000000000001,Credit Card,New York,3.0,No
TXN00367,2024-01-02,CUST0006,M,40,Electronics,3,341.33,1023.99,Credit Card,Los Angeles,4.0,No
TXN00092,2024-04-01,CUST0082,M,46,Sports,1,109.98,109.98,Cash,Los Angeles,3.0,No
TXN00340,2024-12-05,CUST0158,Female,38,Sports,1,274.99,274.99,Cash,Los Angeles,1.0,Yes
TXN00479,2024-04-23,CUST0058,Male,73,Clothing,1,134.65,134.65,Cash,Houston,4.0,No
TXN00053,2024-02-22,CUST0089,M,57,Beauty,5,460.27,2301.35,Cash,Houston,4.0,Yes
TXN00346,2024-12-11,CUST0027,Male,24,Home & Garden,1,185.32,555.96,Cash,New York,5.0,No
TXN00265,2024-09-21,CUST0039,Male,46,Electronics,8,108.67,869.36,Debit Card,New York,5.0,No
TXN00242,2024-08-29,CUST0198,Male,66,Sports,1,66.24,463.68,Credit Card,Chicago,4.0,No
TXN00014,2024-01-14,CUST0100,Male,66,Home & Garden,4,484.25,1937.0,Debit Card,Houston,4.0,No
TXN00316,2024-11-11,CUST0194,Male,71,Sports,2,311.5,623.0,Cash,Chicago,3.0,Yes
TXN00089,2024-03-29,CUST0200,Female,56,Sports,8,58.6,468.8,Credit Card,Los Angeles,4.0,No
TXN00388,2024-01-23,CUST0067,Male,63,Electronics,3,335.84,1007.52,Cash,Chicago,4.0,No
TXN00274,2024-09-30,CUST0042,Male,18,Sports,2,436.58,873.16,Cash,Chicago,4.0,Yes
TXN00167,2024-06-15,CUST0045,Male,25,Sports,5,173.91,869.55,Credit Card,Houston,5.0,No
TXN00329,2024-11-24,CUST0136,Female,41,Home & Garden,4,89.49,357.96,Debit Card,New York,5.0,Yes
TXN00498,2024-05-12,CUST0117,Male,57,Sports,4,176.04,704.16,Credit Card,Phoenix,5.0,No
TXN00135,2024-05-14,CUST0101,Male,44,Sports,6,142.21,853.26,Credit Card,Chicago,4.0,No
TXN00307,2024-11-02,CUST0084,M,46,Home & Garden,6,145.68,874.08,Credit Card,New York,4.0,No
TXN00486,2024-04-30,CUST0137,M,69,Electronics,5,172.36,861.8000000000001,Cash,Los Angeles,5.0,No
TXN00320,2024-11-15,CUST0169,M,20,Clothing,2,257.55,515.1,Debit Card,Los Angeles,5.0,No
TXN00244,2024-08-31,CUST0144,Male,34,Electronics,3,364.18,1092.54,Cash,Phoenix,2.0,No
TXN00055,2024-02-24,CUST0014,Male,49,Beauty,8,379.97,3039.76,Credit Card,Houston,4.0,Yes
TXN00364,2024-12-29,CUST0158,Female,59,Beauty,1,489.76,489.76,Cash,Los Angeles,4.0,No
TXN00051,2024-02-20,CUST0018,Male,25,Clothing,3,432.07,1296.21,Credit Card,Phoenix,4.0,No
TXN00461,2024-04-05,CUST0094,Male,46,Home & Garden,1,447.34,447.34,Debit Card,New York,4.0,Yes
TXN00175,2024-06-23,CUST0084,Male,46,Electronics,4,137.06,548.24,Cash,Chicago,5.0,No
TXN00446,2024-03-21,CUST0070,M,62,Clothing,1,417.37,417.37,Debit Card,Phoenix,2.0,No
TXN00190,2024-07-08,CUST0198,Male,40,Clothing,8,87.87,702.96,Debit Card,New York,5.0,Yes
TXN00464,2024-04-08,CUST0055,Male,57,Clothing,8,319.34,2554.72,Cash,Chicago,4.0,No
TXN00188,2024-07-06,CUST0003,Male,53,Beauty,6,367.46,2204.76,Cash,Los Angeles,4.0,No
TXN00170,2024-06-18,CUST0134,Male,45,Electronics,8,417.53,3340.24,Credit Card,Chicago,3.0,No
TXN00059,2024-02-28,CUST0130,Male,40,Home & Garden,9,390.46,3514.14,Cash,Houston,4.0,No
TXN00049,2024-02-18,CUST0073,M,35,Beauty,1,150.09,150.09,Credit Card,Los Angeles,3.0,No
TXN00345,2024-12-10,CUST0008,Male,35,Beauty,6,235.04,1410.24,Cash,New York,5.0,Yes
TXN00236,2024-08-23,CUST0145,Male,60,Home & Garden,2,84.11,168.22,Credit Card,Chicago,4.0,Yes
TXN00253,2024-09-09,CUST0164,M,66,Electronics,3,426.49,1279.47,Cash,Houston,1.0,No
TXN00022,2024-01-22,CUST0158,Male,26,Electronics,8,389.57,3116.56,Credit Card,Los Angeles,4.0,No
TXN00314,2024-11-09,CUST0110,M,40,Beauty,6,84.53,507.18,Credit Card,Phoenix,5.0,Yes
TXN00460,2024-04-04,CUST0116,Female,43,Home & Garden,5,304.94,1524.7,Credit Card,Chicago,5.0,Yes
TXN00161,2024-06-09,CUST0071,Male,53,Beauty,4,421.5,1686.0,Cash,Houston,5.0,Yes
TXN00277,2024-10-03,CUST0144,M,64,Beauty,6,492.64,2955.84,Credit Card,New York,5.0,No
TXN00444,2024-03-19,CUST0180,Female,24,Beauty,1,265.51,265.51,Credit Card,New York,3.0,Yes
TXN00192,2024-07-10,CUST0155,Male,18,Sports,6,76.32,457.92,Debit Card,Phoenix,5.0,No
TXN00386,2024-01-21,CUST0054,Male,47,Electronics,3,385.37,1156.11,Cash,New York,5.0,No
TXN00294,2024-10-20,CUST0148,Male,49,Beauty,3,398.5,1195.5,Credit Card,Chicago,3.0,Yes
TXN00414,2024-02-18,CUST0013,M,28,Home & Garden,6,159.33,955.98,Credit Card,Phoenix,3.0,No
TXN00344,2024-12-09,CUST0182,Male,65,Clothing,8,412.6,3300.8,Debit Card,Phoenix,1.0,No
TXN00258,2024-09-14,CUST0148,Female,47,Sports,9,277.26,2495.34,Debit Card,Houston,4.0,No
TXN00309,2024-11-04,CUST0099,Female,18,Sports,2,78.95,157.9,Cash,Chicago,4.0,Yes
TXN00150,2024-05-29,CUST0096,Male,43,Home & Garden,4,118.1,472.4,Credit Card,Los Angeles,5.0,Yes
TXN00131,2024-05-10,CUST0172,Male,53,Home & Garden,1,284.72,284.72,Debit Card,Chicago,4.0,No
TXN00152,2024-05-31,CUST0096,Male,57,Electronics,6,370.47,2222.82,Debit Card,Los Angeles,4.0,Yes
TXN00360,2024-12-25,CUST0192,M,64,Electronics,9,314.25,2828.25,Cash,Phoenix,4.0,Yes
TXN00100,2024-04-09,CUST0157,Male,47,Sports,6,12.56,75.36,Cash,Chicago,5.0,Yes
TXN00373,2024-01-08,CUST0046,Female,47,Electronics,2,121.32,242.64,Credit Card,Los Angeles,4.0,Yes
TXN00088,2024-03-28,CUST0015,Male,47,Home & Garden,1,495.99,495.99,Credit Card,New York,4.0,No
TXN00459,2024-04-03,CUST0109,Male,68,Home & Garden,6,389.2,2335.2,Credit Card,New York,1.0,No
TXN00331,2024-11-26,CUST0195,Male,49,Home & Garden,4,284.28,1137.12,Cash,Phoenix,1.0,No
TXN00215,2024-08-02,CUST0184,Female,19,Electronics,7,180.2,1261.4,Cash,New York,1.0,Yes
TXN00467,2024-04-11,CUST0144,Male,66,Electronics,1,126.34,126.34,Cash,New York,5.0,No
TXN00122,2024-05-01,CUST0072,M,64,Beauty,6,184.19,1105.14,Credit Card,Houston,4.0,Yes
TXN00021,2024-01-21,CUST0088,Male,28,Sports,4,311.36,1245.44,Debit Card,New York,5.0,No
TXN00189,2024-07-07,CUST0103,Male,71,Sports,1,385.1,385.1,Cash,Chicago,5.0,No
TXN00072,2024-03-12,CUST0104,Female,68,Sports,5,421.94,2109.7,Debit Card,Los Angeles,1.0,No
TXN00107,2024-04-16,CUST0088,Male,71,Clothing,9,170.2,1531.8,Credit Card,Los Angeles,5.0,Yes
TXN00271,2024-09-27,CUST0178,M,57,Beauty,3,110.39,331.17,Debit Card,Phoenix,4.0,No
TXN00349,2024-12-14,CUST0030,Female,50,Home & Garden,9,174.25,1568.25,Credit Card,New York,4.0,No
TXN00436,2024-03-11,CUST0063,Male,23,Beauty,1,100.81,100.81,Credit Card,Houston,4.0,No
TXN00103,2024-04-12,CUST0065,M,47,Beauty,9,375.41,3378.69,Cash,Los Angeles,5.0,Yes
